seq_name,human,N,fasta,first,last,N_FL
CEBIM39273_256_438,P98077_303_484,183,KQYLHSPPKVALPPERLAGLEESAWGDEEEAAEHSYYNSIPGKEPPPGGLVDSRLAPTQPCALAALGQGPSHARRDARSLPWDVGHTGTAPPGDGYVQADARGPPEPEEHLYVNTQGLDAPEPEDTDSPKKDLFDMRPFEDALKLHECSAAAGTAAPLPLEDQWPSPPTRRAPVAPTEEQLRQ,256,438,536
PROCO20763_299_480,P98077_303_484,182,KQYLHSPPTAVVPPDRLTGQEESAWGDEDEASEHNYYNSIPGKEPPLGGLVDSRLALTQPCALGALGQGASPAQRDACSLPWDLGPVGTAPPGDGYVQADARGPRVYEGHLYVNTQGLDAPEPEDSPKKDLFDMRPFEDALKLHECSVAAGTTAAPLPLEDQWPSPPTRRAPVAPTEEQLRQ,299,480,578
DIPOR14396_225_415,P98077_303_484,191,KQYLHSPPKAIVPPERLTGLEESAWGDEEESSEHNYYNSIPGKEPPLGGLVDSRLAVTQPCALAALGALGQGVSPVRRDARGLQWDLGVSGPAPPGDGYVQADARGPRDYEEHLYVNTQGLDAPELEDSLPPEDSPKKDLFDMRPFEDALKLHECSVASGVTATPLSLEDQWPSPPTRRAPIAPTEEQLRQ,225,415,513
CERSS30311_232_413,P98077_303_484,182,KQYVHSPPKVAVPPERLTGPEESAWGDEEETEHNYYNSIPGKEPPLGGLVDSRLALTQPCALGAVGQGASPARRDACGLQWDLGPSAPPGDGYVQADARGPQDYEDHLYVNTQGLDAPEPLQPEDSPKKDLFDMRPFEDALKLHECSVAAGAAAAPLPVEDQWPSPPTRRAPIAPTEEQLRQ,232,413,511
SURSU20340_273_451,P98077_303_484,179,KQHLHSPPRVVLPPERLTRPEESAWGDEEETEHNYYNSIPGKEPPLGGLVDSRLTLTQPCAVSTLGQGVSPARRDTRSLPWDLGPSGPPGDGYVQADARGPRDYEDHLYVNTQGLDAPEDSPKKDLFDMRPFEDALKLHECSAGAGVGAAVAPLPLEDQWPSPPTRRAPIAPTEEQLRQ,273,451,549
CAPHI27590_272_458,P98077_303_484,187,KQYLHSPPRVVVPPERLTGMEDSAWGDEEEAEHNYYNSLPGKEPPLGGLVDSRLALTQPCALGVLGTLGQGASPARRDARSLQWDVGPSGTTQPGDGYVQADARGPRDYEDHLYVNTQGLDGPEPLRPEDSPKKDLFDMRPFEDALRLHECSVAAGTVAAPLPVEDQWPSPPTRRAPVAPTEEQLRQ,272,458,556
RATNO39514_281_475,P98077_303_484,195,KQYLHSPPKAVVPPERLTGLEESAWGDGEVTADHDYYNSIPGKEPPLGGLVDSRLAVTQPCALTTLGGLGQGLSPAWRDVRGLPWDMGPSGAVPPGDGYVQADARGPHDYEEHLYVNTQGLDALELEDTSETPLQPEDSPKKDLFDMRPFEDALKLHECSVAAGITAASLPLEDQWPSPPTRRAPIAPTEEQLRQ,281,475,573
PTEVA00261_147_330,P98077_303_484,184,KQYLHSPPKAVAPLERLTGLEESAWGDEEDTDHNYYNSVPGKEPPLGGLVDSRLALTQPCALGGLGQGASPVRRDARGLQWEPGSSGTASAGDGYVQADARGPRDYEDHLYVNTQGLDAPESLPPEDSPKKDLFDMRPFEDALKLHECSVAAGTAAAPLPSEDQWPSPPTRRAPIAPTEEQLRQ,147,330,428
NANGA10214_221_415,P98077_303_484,195,KQYLHSPPKAVVPPERLTGLEESAWGDEDEAADHNYYNSIPGKEPPLGGLVDSRLAVTQPCALAALGGFGQGMSPARRDARGLPWDVGPSGAAPPGDGYMQADARGPQDYEEHLYVNTQGLDPAEREDVAEEPPLLDDSPKKDLFDMRPFEDALKLHECSVAGAITAAAPPLEDQWPSPPTRRAPIAPTEEQLRQ,221,415,513
CRIGR10173_278_472,P98077_303_484,195,KQYLHSPPKAVMPPERLTGLEESAWGDGDEALDHNYYNSIPGKEPPLGGLVDSRLAVTQPCALATLGGPGQGMSPAWREARGLPWDMGLSGAVLPGDGYVQADARGPRDYEEHLYVNTQGLDAIEPEDISEAPLMPEDSPKKDLFDMRPFEDALKLHECSVAASITSVPFPLEDQWPSPPTRRAPIAPTEEQLRQ,278,472,570
CANLF08133_312_495,P98077_303_484,184,KQYLHSPPRVAVPPERLTRPEESAWGDEDEADHNYYNSIPGKEPPPGGLVDSRLALAQPGALGALGQGAAPARRDARSLPWDLGPSGAGPPGDGYVQADARGPRDYEDHLYVNTQGLDAPEPPQAEDSPKKDLFDMRPFEDALKLHECSAGAGTAVAPLPVEDQWPSPPTRRAPIAPTEEQLRQ,312,495,593
MUSPF02461_258_441,P98077_303_484,184,KQYLHSPPRVVVAPERLTRPEDSAWGDEEESEHNYYNSIPGKEPPLGGLVDSRLALTQPSALGALSQGASPARRDTCSLPWDLGAPSAGPPGDGYVQADTRGPRDYEDHLYVNTQGLDTPDVLQPEDSPKKDLFDMRPFEDALKLHECSVGLGTAAAPLPSEDQWLSPPTRRAPIAPTEEQLRQ,258,441,539
BALMU07980_305_490,P98077_303_484,186,KQYLHSPPRVVVPPGRLTGPEDSAWGDEDETEHNYYNRTPGKEPPLGGLVDSRLTPAQQPCALGALGQGASPARRDARGPQWDVGPSGAPAPPGDGYVQADARGPRDYEDHLYVNTQGLDGPEPLQPEDSPKKDLFDMRPFEDALRLHECSMAAGPAAAPLPVEDQWPSPPTRRAPIAPTEEQLRQ,305,490,588
CERAT32545_251_421,P98077_303_484,171,KQYLHSPPKVALPPERLAGPEESAWGDEEEAVEHSYYNSVPGKEPPPGGLVDSRLALTQPCALTVLGQGPSASLRDARSLPWDVGSTGAGRMGSGCKGCPRGCWDRLGFPAPPPCDGAPPIKPGPFEDALKLHECSVAAGMTAAPLPLEDQWPSPPTRRAPVAPTEEQLRQ,251,421,519
HETGA27424_146_327,P98077_303_484,182,KQYLHSPPKAVVPPERLTGLEESAWGDEEEVEGHNYYNSIPGKEPPPGGLVDSRLAITQPCGLAALGQGASPFRRDARSLQWDQSSSGSAPPGDGYVQADARGPRDYEEHLYVNTQGLDAPEPEDLVPPQPEESPKKDLFDMRPFEDALRLHECAAGIAEDQWPSPPTRRAPVAPTEEQLRQ,146,327,425
SAIBB40443_193_379,P98077_303_484,187,KQYLHSPPKVALPPERPVGPEESAWGDEEEAAEHNYYNSIPGKEPPPGGLVDSRLALMQPCALAALGQVSLWPRSLRALPLAPSRPFSPPGDGYVQADARGPLDPEEHLYVNTQGLDAPEPEDTAPLQPKDSPKKDLFDMRPFEDALKLHECSAAVVTAAPVPLEDQWPSPPTRRAPVAPTEEQLRQ,193,379,477
CAVPO25571_146_333,P98077_303_484,188,KQYLHSPPKAVVPPERLTGLEESAWGDEEEAEGHNYYNSIPGKEPPPGGLMDSRLALTQPCGLSALGQGASPLRRDTRGLGPRDWAPGLSSAALPGDGYVQADARGPREYEEHLYVNTQGLDALDAPEPEDPLPPQPEDSPKKDLFDMRPFEDALRLHECSAGVTEDQWPSPPTRRAPIAPTEEQLRQ,146,333,431
NOMLE12645_303_460,P98077_303_484,158,KQYLHSPPKVGGPEAFPEEAAFGRSPDSAWESSAGKVIQAGGTGLAPCKPLAWLPADPCPSLHSAAPPGDGYVQADARGPPDHEEHLYVNTQGLDAPEPEDSPKKDLFDMRPFEDALKLHECSVAAGVTAAPLPLEDQWPSPPTRRAPVAPTEEQLRQ,303,460,516
ICTTR06050_296_483,P98077_303_484,188,KQYLHGPPMAAVPPERLTGLEESALGDEEEAEGHDYYNSIPGKEPPPGGLVDSRLPATHPCTLGALSQGSSAWRDACGLQWGLGPSGSAQPGDGYVQADARGPRDYEDHLYVNTQGLDSTEPGDPAPLPPEDSPKKDLFDMRPLEDALKLHACSVGGGAAPLPPPEDQWPSPPTRRAPVAPTEEQLRQ,296,483,581
OCTDE10570_229_415,P98077_303_484,187,KQYLHSPPKAVVPPERLTGLEESAWGDEEEAEGHNYYNSIPGKEPPLGGLVDSRLTITQPCGLAALGQSGLGAVLTPGWPCPRVPMTHYPLSSAAVPGDGYVQADARGPRDYEEHLYVNTQGLDAPEPEDQVPLQPEDSPKKDLFDMRPFEDALRLHECSAGIAEDQWPSPPTRRAPIAPTEEQLRQ,229,415,513
FUKDA09090_146_323,P98077_303_484,178,KQYLHSPPKAVVPPERLTGLEEPAWGDEEEAEGHNYYNSIPGKEPPPGGLVDSRLAVTQPCTLAALGQVSLRLGWTLRCPVWPGHPPSGDGYVQADARGPREYEEHLYVNTQGLDALEPEDLLSLQPEESPKKDLFDMRPFEDALRLHECEAGIAEDQWPSPPTRRAPIAPTEEQLRQ,146,323,421
SARHA16097_189_381,P98077_303_484,193,KQYLYSPPKVAIPPERMMGNEESTWGEEEDITEHDYYNSIPGKEPPLGGLVDSRLWAPSYIHTQPPSSGAFSQLGSPARREQRSQAGLHWDLGLPGQPCDDGYLQADSRPLGSRDYEEHMYVNTQNLESWETEPAAPEESPKKDLFDMRPFEDALKLHECSVASSGPVPIEDQWPSPPTRRAPIAPTEEQLRQ,189,381,479
JACJA06064_238_425,P98077_303_484,188,KQYLHSPPKAVVPPERLTGLEESAWGDEDEATEHNYYNSIPGKEPPLGGLVDSRLAVTQPCALAALGQGTSPVRRDARALQWDLGPPGLGRSCPALQGLGPHLSPMSLSVLLASALTTEPPLQPHRPLFCDCILLLLTEDGPFEDALKLHECSVAVGVTTSPLTLEDQWPSPPTRRAPIAPTEEQLRQ,238,425,523
CHRPI08209_288_449,P98077_303_484,162,KQYLHSPPKVVVPPDRVMGTEESAWGDEEETADHDYYNSIPGKEPPLGGLVDSRLRHGTLLGHVARVCLPGQSCDGYLQADGQPLGCRDYEEHMYVNTQCLDGWEHEASPPKDLFDMRPFEDALKLHESTVAGGASPPLEDQWPSPPTRKAPVAPTEEQLKR,288,449,547
SPHPU03837_297_494,P98077_303_484,198,KQYLHSPPKVVVPPDRVMGSEESAWGEDEETSEHNYYNSIPGKEPPLGGLVDSRLRHAFNFPLSQTGSPARRDQNSHPGPHWDIDSHGTYPAYLPGQSCDGYLQADSRPLGSRDYEEHMYVNTQSLDAWEADAAGYGVPEDSPKKDLFDMRPFEDDLKLHESSAAAGSGHSSPPIEDKWPSPPTRKAPIAPTEEQLKR,297,494,592
TACAU31820_272_463,P98077_303_484,192,KQYLHSPPKVVVPPERMTGTEESAWGEEDEPAEHDYYNSIPGKEPPLGGLVDSRLRPSGHGHTQPPGSGSFGQLGSPARRDQSTHPGLHWDLSLHGQTCDGYLNADNRALGLRDYEEHMYVNTQSWEVEARAAEESPKKDLFDMKPFEDALKLHECTVAGGPLGSTLPIEDQWPSPPTRRAPIAPTEEQLRQ,272,463,561
CORMO13404_343_540,P98077_303_484,198,KQYLHSPPKVVVPPERALGAEESAWGEDEEAAEHDYYNSIPGKEPPPGGLIDSRLRHSTALGHVRTQPSTSVPPRQGGLAARRDPSSQLGPPWDLESQGQPCDGYLQADGHTLGPRDYEEHMYVNTQSLDTWEPELVAHGVAEESPKKDLFDMRPFEDALKLHECIAGGGTSAPIEDQWPSPPTRKAPIAPTEEQLRR,343,540,638
TYTAL16819_309_506,P98077_303_484,198,KQYLHSPPKVVVPPDRALGAEESAWGEDEEASEHDYYNSIPGKEPPPGGLIDSRLQHGTVLGHIRTQPSSSGPPSQGGFAARRDQSSQPGPPWDLESQGQPCDGYLQADSHPPGPRDYEEHMYVNTQSLDAWEPEAAARGAPEESPKKDLFDMRPFEDALKLHECIAGGGISPPIEDQWPSPPTRKAPIAPTEEQLKR,309,506,604
SERCA18881_176_376,P98077_303_484,201,KQYLHSPPKVVVPPERALAAEESAWGEDEEAAEHDYYNSIPGKEPPPGGLVDSRLHHSTQPAGATLGPGEPGWVLLWGGAVSWGGPCDSGQPRPAVMAILAGQPCDGYLQADSHSLGPRDYEEHMYVNTQSLDAWEPELVAHGAAEESPKKDLFDMRPFEDALKLHECIAGGASSPPIEDQWPSPPTRKAPIAPTEEQLRR,176,376,474
STRHB02787_285_472,P98077_303_484,188,KQYLHSPPKVVVPPDRALGAEDSAWGEDEDAAEHDYYNSIPGKEPPPGGLIDSRLRHGTKQPARASLGPGEPGWVPQRGGPHNGGPHGQPGDGYLQADGHPLGPRDYEEHMYVNTQSLDAWEPEAAAARGVPEESPKKDLFDMRPFEDALKLHECIVGGSSSPPIEDQWPSPPTRKAPIAPTEEQLRR,285,472,570
XENTR02698_329_524,P98077_303_484,196,KQFLHSPPKVAAPPDRLLVGTEEPAWGGEEEQEHNYYNSIPGKEPPLGGLQDSRIREAGATGQLSTQININGQWSQVGSPARKPAVSHSCSQWDLEDQAQASEGFPLTNGRAFGVRDYEEHMYVNTQNLDGLVADKEPYMIPEDSPKKDLFDMRPFEDALKLHESSLSASQSLEDQWPSPPTRRAPVAPTEEQLRG,329,524,631
GADMO05829_389_612,P98077_303_484,224,KQYLHSPPKTMAPSMERTHRLEEPSWGEEDDSSEHNYYNSIPGKEPPLGGVVDSRLRPSTSLIGHIHTQPQSKAANQLCSSGRRDPGSFAAGQLCYELHWDTEASNSSDGYLCADGQSSSSRDYEEHLYVNTQTLDGMDALTQGPNGHKGPDSPQKDIFDMRPFEDALKLHEASGGGGAAGSVGGGAAGGAGGGGVGVVVLEDQWPSPPRRRAPVAPTEEQLRR,389,612,677
ASTMX02426_278_482,P98077_303_484,205,KQYLHSPPKAIPTVDRNIRTEESAWGDDEESSEHDYYNSIPGKEPPLGGVVDSRLRPSGAMLGHVHSLPNTKTTPVGSAIRRDASSLPVTQLCYEVHWDTENGSSSSLTSDGYLRADGHPPGSRDYEEHLYVNTQSLDNMDPSAERQEGHQRPESPKKDIFDMRPFEDALRLHEAGGGVCVLEDQWPSPPRRRAPVAPTEEQLRR,278,482,580
JUNHY20489_290_477,P98077_303_484,188,KQYLHSPPKVVVPPERALAAEESAWGEDEEGAAEHDYYNSIPGKEPPPGGLVDSRLRHIRAQPSTLSWGAPVALGTLASSDGVMIVLAGQPCDGYLQADSHTLGPREYEEHMYVNTQSLDTWEPELVPHGAAEESPKKDLFDMRPFEDALKLHECIAGGASSPPIEDQWPSPPTRKAPIAPTEEQLRK,290,477,575
ANGAN14560_410_618,P98077_303_484,209,KQYLHSPPKAIPTQDRNIRTDESAWGDDDDSAEHDYYNSIPGKEPPVGGVVDSRLRPAAGALLGHIHTQPQSKTPQMGSPAKRDTASLPAVQLCYDIHWDTESNSGSGLTSDGYLRADGQPPGCRDYEEHLYVNTQNMDGWDPGAERGRGGHGAESPKKDIFDMRPFEDALKLHEAGGVGVGVCVLEDQWPSPPRRRAPVAPTEEQLRR,410,618,716
ESOLU23536_393_611,P98077_303_484,219,KQYLHSPPKAIPTMERNIRTEDSAWGDDEDSSDHNYYNSIPGKEPPVGGVVDSRLRPCKALLGHIHSQPQSKAAQMGSPARRDTASYPSGQLCYELHWDTENSTSGVTSDGYLRADGQPPGSRDYEGHLYVNTQCLEDLEQEGHRAARGPDSPKKDIFDMKICSCIPPRHQQQHSGPFEDALKMHEASGNSGVCVLEDQWPSPPRRRAPVAPTEEQLRR,393,611,709
SALSA49001_388_597,P98077_303_484,210,KQYLHSPPKAIPTMERNIRTEDSAWGDDEDSLEHDYYNSIPGKVPPFGGVVDSRLKPCTALLGHVHSQPESKAVQMGSPSRRDTASCPSGQLCYELHWDTENNSSSGLTSDGYQRADGQPPGSRDYEEHLYVNTQSLEGLEQGAEGHRGDWGPDSPMKDIFDMRPFEDALKMHEAGGVGGNGGVCVLKDQWPSPPRRRAPVAPTEEQLRR,388,597,703
SINGR47034_239_441,P98077_303_484,203,KQYLHSPPKAIPTMDRTIRTEESAWGDDEESSEHDYYNSIPGKEPPVGGVVDSRLRPPAGLLGHVHTQPQSKTAQMGSPAKRDAGSLPAAHLCYEVHWDTENNSSSTLTSDGYLRADGHPTGSRDYEEHLYVNTQNLDNMEASMDARGGRRSESPKKDIFDMRPFEDALRLHEAGGVCVLEDKWPSPPRRRAPVAPTEDQLRR,239,441,539
PODMU21812_333_535,P98077_303_484,203,KQYLHSPPKAMGLQDRPMGTEDSAWGEDEETSEHDYYNSIPGKEPPIGGLVDSRLQRGPSLSHAHSQLSCASHFSQVASPARRDHSTHVNLNWDSDAHGQSCDGYVQADGKPLGSQDYEEHMYVNTQSLDNWEADAGVHRAADESPTKDLFDMRPFEDALKLHESMSACGAGVSGGSLPIEDQWPSPPTRKAPIAPTEEQLKQ,333,535,633
VARKO24856_165_353,P98077_303_484,189,KQYLHSPPKAPAPAMGMEDSAWGEDEEASQHDYYNSIPGKEPPLGGLVDSRLQRSTSLGHAPFSYASPFSAAQVLAQEGLMAGSCLPGESCDGYVQADGKPLGSQDYEEHLYVNTQNLDRWEIDAAGYQTPEDSPPKDLFDMRPFEDALKLHESMSACGVDAGPQIEDQWPSPPTRKAPIAPTEEQLKQ,165,353,451
PARMJ13276_185_354,P98077_303_484,170,KQYLHSPPKVVVPPERALAAEESAWGEDEEVAEHDYYNSIPGKEPPPGGLVDSRLRHSTALGHVRTQPSSSVPPGQVSPSEPLLALLVPGREHMYVNTQSLDAWEPELVAHGAAEESPKKDLFDMRPFEDALKLHECIAGGGTSPPIEDQWPSPPTRKAPIAPTEEQLRR,185,354,452
NOTFU26698_400_616,P98077_303_484,217,KQYLHSPPKTMTSTERSVRLEEPVWGEDFSEHDYYNSIPGKEPPVGGLVDSRLRPTGAPLGHIHTQPQSKTASQQMGSPARREQASYQPGQLCYELHWDTCGSDGYLCADGQPSGSKDYEEHQYVNTQSLENLESLTQGAEGHKGAKAHDSPKKDLFDMRPFEDALKLHEACGGAVGSSVPGGPGSQVGGVRNLEDQWPSPPRRRAPVAPNEEQLRR,400,616,714
CHICK13331_333_521,P98077_303_484,189,KQYLHSPPKAVVPPDRVLGMEESAWGEDDEAAEHDYYNSIPGKEPPPGGLIDSRLQHSAFPGRIRVQPSHQGGLALRRELSSQPGQPWDPENQGQSCDGYLQADGHPLVPRDYEEHMYVNTQSLESDATHAAPEESPKKDLFDMRPFEDALKLHRCIAGSNVSPPIEDQWPSPPTRKAPIAPTEEQLRR,333,521,619
XENLA05158_329_524,P98077_303_484,196,KQFLHSPPKMAAPPDRLLIGAEEQVWGGEEEQEHNYYNSIPGKEPPLGGLQDSRTREAGATGQLSNHMMMNGQWSQVVSPARKPPVSHSGSQWDLDDQAQASEGLPLTNGRVFGVHDYEEHMYVNTQNLDGLGADKEPYLIPEDSPKKDLFDMRPFEDALKLHESSLSASQSVEDQWPSPPTRRAPVAPTEEQLRR,329,524,624
ANATE17229_270_474,P98077_303_484,205,KQYLHSPPKTMASVRQEEPVWGEEEDFSEHDYYNSIPGKEPPVGGVVDSRLRSSGALLGHIHTQPQSKTAAQVSSYPPGQLCYELHWDTETTSSSGEAPCGNGYLCADGQPPGSRDYEEHQYVNTQSLENLDSLAQGPNGQRGGRAPDSPKKDLFDMRPFEDALKLHEASGGVATGGSVRVLEDEWPSPPRRRAPVAPNEEQLRR,270,474,572
AMPPE19683_400_620,P98077_303_484,221,KQYLHSPPKTMASIERSVRSEEPVWGEDEDFSEHDYYNSIPGKEPPVGGVVDSRLRSSGALLGHIHTQPQSKTAAQMGSPARRDQASYPPGQLCYELHWDTETTCSSDGYLCADGQPPASKDYEEHQYVNTQSLENLESLTQASDVRRGPRAPDSPKKDLFDMRPFEDALKLHEACGGAVGSSISGGSGAQAGGVRVLEDQWPSPPRRRAPVAPNEEQLRR,400,620,718
BUFBU09548_329_528,P98077_303_484,200,KQFLHSPPKVAAPPDRVVVGSEELAWAAEEDQNSEHNYYNSIPGKEPPLGGVQDCRVRDPGATPQHQPSTQIANTEQWTQMGSPARKAPVTHSGSQWELEDHGPTNDIYRGGNCRGLGLRDYEEHMYVNTQTLDELNTDKEPYMIPEDSPKKDIFDMRPFEDALKLHESNLSASQKLEDQWPSPPTRRAPVAPTEEQLKG,329,528,628
PSETE05787_302_476,P98077_303_484,175,KQYLHSPPQTVAPQERTMGVDDCWGEEEDSSGHNYYNSIPGKQPPLGGLVDSRLHYGSASRDQGPFLSRKILLGLSGHCCDGYVQADSKPLGSQDYEQHMYVNTENFNSWETNAGKPDESPPKDLFDMRPFEDALKHHESMSACGVQSGLHLEDQWPSPPSRKAPIAPTEDQLKQ,302,476,574
TAKRU26976_403_620,P98077_303_484,218,KQYLHSPPKTLASVERSVRTEEPIWGEEESFSDHNYYNSIPGKEPPIGGVVDSRLRGNGALLGHIHSQLQGYTTTQMGSPARRNQASYPSGQLCYELHWDTETTSSSGLTSDGYLCADGQSAGGKDYEEHQYVNTQNLDNLTSQGAEGPRAGRAPDSPLKDIFDMRPFEDALKLHEACAGAAGPTAAAAGGTQVLEDQWPSPPRRRAPVAPNEEQLRR,403,620,718
ORYME15239_280_488,P98077_303_484,209,KQYLHSPPKTMGSLERSVRFEEAWGDEEDPSEHDYYNSIPGKEPPIGGVVDSRLRPAGALLGHIHTQPPNKTPPQAGPTAKREPASYPPAQLCYELHWDTDMTCSSDGYLCADGQPTASKDYEEHQYVNTQSLEHLEAQGADGQRGPKDSPKKDLFDMRPFEDALKLHEACGGAASQAGGGVVPVLEDQWPSPPRRRAPVAPNEEQLRR,280,488,586
KRYMA04145_418_640,P98077_303_484,223,KQYLHSPPKTMASVERPVRMEEPVWGEDEDFSEHDYYNSIPGKEPPVGGVVDSRLRPTGALLGHIHTQPQSKTAHQMGSPARREQASYPPGQLCYELHWDTETTCSSDGYLCADGQPPGSKDYEEHQYVNTQSLENLESLTHSAEGHRGAKAHHSPKKDLFDMRPFEDALKLHEACSGAVGSSASAGSGSQAAGGGARNLEDQWPSPPRRRAPVAPNEEQLRR,418,640,738
ORENI43326_403_630,P98077_303_484,228,KQYLHSPPKTMTSVERSARTEEPIWRDDEDFSEPDYYNRIPGKEPPVGGVVDSRLRPSGALLGHMHTQPQSKTAAQMSSPARRDQASHQPGQLCYELHWDTETTCSSGLTSDGYLCADGQPPGSRDYEEHQYVNTQSLENLDSLTQGPDGHRGTRAPESPKKDLFDMRPFEDALKLHEACGGGGVGSTISGGSGAEGGVGGVRVLEDQWPSPPRRRAPVAPNEEQLRR,403,630,728
LATCH11156_340_535,P98077_303_484,196,KQYLHSPQSLVPPQERTVGTEELTIGEEEDCSEHDYYNSIPGKEPPLGGLVDSRLRHGTLSHVHNPPSGSNITQCNFSPYQGCSLKINVNRLLPQSLGGQASDGYLRADGRPPGCRDYEEHMYVNTQHLENWELATWGNRDTEGSPKKDLFDMRPFEDALKLHEAAAISTQPIEDQWPSPPTRRAPIAPTEEQLKR,340,535,633
GASAC12684_278_493,P98077_303_484,216,KQYLHSPPKTMASAERCARTEEAMWAEDEDFSQHDYYNSIPGKEPPVGGLVDSRLRPSGALLGHIHTQPQSKTAAQQTGSPGRREQASYPPGQLCYELHWDTETTGSSGLTSDGYLCADGQPPGSRDYEEHQYVNTQSLENLDVLAQGPNGHRGSRAPESPKKDLFDMRPFEDALKLHEACGGPAAGAGVRVLEDQWPSPPRRRAPVAPNEDQLRR,278,493,591
POERE26014_397_617,P98077_303_484,221,KQYLHSPPKTMSSVERHIRTEEPVWGEDEDASEHDYYNSIPGKEPPVGGVVDSRLRPTGTLLGHIHTQPQSKTATQMGSQARREQGSYPLGQLCYELHWDTETTCGSDGYLCADGQPPGSKDYEEHQYVNTQSLENLDSFTHVADGHKGARPHDSPKKDLFDMRPFEDALKLHEACGGAFGSGVLVGSGSQVGGVRNLEDQWPSPPRRRAPVAPNEEQLRR,397,617,715
CYPVA08383_395_617,P98077_303_484,223,KQYLHSPPKTISSAERPIRTEEPVWGEDEDASEHDYYNSIPGKEPPVGGVVDSRLKPSGALLGHIHTQPQNKTGTQMGSQGRREQGSYQPGQLCYELHWDTETTCSSDGYLCADGQPPASKDYDEHQYVNTQSLENLESLTHGADGHRGARAHDSPKKDLFDMRPFEDALKLHEACGGAAGSSVSGGSGSQAGGGGVRNLEDQWPSPPRRRAPVAPNEEQLRR,395,617,715
CYNSE20471_403_626,P98077_303_484,224,KQYLHSPPKTMVSIDRSAQRLEEPMSREDEDFSEHDYYNSIPGKEPPVGGVVDSRLRPSSSMLGHIHSQPQSKAAAQMASAVRREPVSYPPGQLCYELHWDTETSSSDGYLCADGQGAGSRDYEEHQYVNTQSLENLDSLAHGLSGQRMSRAPDSPKKDLFDMRPFEDALKLHEATGGAGASIVSNSGGGAKAAGGGVRILEDQWPSPPRRRAPVAPNEDQLRR,403,626,724
MOLML03779_263_452,P98077_303_484,190,KQYLHSPPKTMASMERTEEPVWGEDEDFADHNYYNSIPGKEPPIGGVVDSRLRTSGALLGHIHTQPQGKSTAQVNLQAGLTSDGYLCADGQPAGNKDYEEHQYVNTQNLENLNSQGPEGPRGGRAPDSPKKDLFDMRPFEDALKLHEACGGAVWSSTSAGAAGTQVLEDQWPSPPRRRAPVAPNEEQLRR,263,452,550
ORYLA13601_259_452,P98077_303_484,194,KQYLHSPPKSMGSLERSVRPEEPVWGDDEDPSEHDYYNSIPGKEPPIGGVVDSRLRPAGALLGHVHTQPPSKQAPQLHWDTDMTCSSGETPDGYLCADGQPTGIKDYEEHQYVNTQSLEHLDAQGADGQRGPNDSPKKDLFDMRPFEDALKLHKACGGAGSQAGGGVVPILEDQWPSPPRRRAPVAPNEEQLRR,259,452,550
ANOCA10664_283_451,P98077_303_484,169,KQYLHSPPKTVTPQERSTGTDEAGWGEEEEASEHDYYNSIPGKEPPLGGLVDSRLHHSASLGNVPFSYSSHFSQHLMPSNPDFPGLSSDGYVEADGKPLGSQDYEDHMYVNTQNLDNWEADPGGARPLAESPPKDLFDMRPFEDALKLHASIPPTRKAPIAPTEEQLKQ,283,451,549
SERDU20591_303_489,P98077_303_484,187,KQYLHSPPKTMASVERPEEPLWGEDEDFSEHDYYNSIPGKEPPVGGVVDSRLRPSGALLGHIHTQPQSKTAAQVSVLERQVGSGLTSDGYLCADGQPSSSRDYEEHQYVNTQRGRAPDSPKKDLFDMRPFEDALKLHEASGGAVGSSISVTAGGAAGGGGVRILEDQWPSPPRRRAPVAPNEDQLRR,303,489,587
SHEEP12511_233_321,P53667_251_339,89,QLTLEHDPHDSLGHGPGTEPSPLGSPAHTPSGEAGSSSRQKPVLRSCSIDRSPGASSLGSPASQHKDLGRSESLRVVCRPHRIFRPSDL,233,321,624
URSAM15743_249_337,P53667_251_339,89,QLTLEHDPHDTLGHGPGPEPSLLVSPTHTPSGEVGSSSRQKPVLRSYSIDRSPGAGSLGSPASQRKDLGRSESLRVVCRPHRIFRPSDL,249,337,541
DIPOR20061_239_327,P53667_251_339,89,QLTLEHDPHDTLGHGPGSEPSPLGSPLYTPNQEAGGSARQKPVLRSCSIDTSPGAGSLASPASQRKDLGRSESLRVVCRPHRIFRPSDL,239,327,635
ICTTR05381_233_321,P53667_251_339,89,QLTLEHDPHDPLGHGPGPEPSPLGSPMHVPSGEVGSSARQKPVLRSCSIDTSPGAGSLASPASQRKDLGRSESLRVVCRPHRIFRPSDL,233,321,629
MANJA51701_251_338,P53667_251_339,88,QLTLEHDPHDTLGHGLGPEPSPLGSPAHSPSEAGSSARQKAVLRSYSIDRSPGAASPGSPASQHKDLSRSESLRVVCRPHRIFRPSDL,251,338,646
OCTDE08906_241_323,P53667_251_339,83,QLTIEHDPHDSLPTHSPVGSPACTPSGEAGSVRQKPVLRSCSIDTSPGAGSLSSPASQRKDLGRSESLRVVCRPHRIFRPSDL,241,323,631
RATNO05417_251_339,P53667_251_339,89,QLTLEHDPHDSLGHGPVSDPSPLASPVHTPSGQAGSSARQKPVLRSCSIDTSPGAGSLVSPASQRKDLGRSESLRVVCRPHRIFRPSDL,251,339,647
FUKDA14041_232_319,P53667_251_339,88,QLTIEHDPHDSLGQGLLPTHTPLSSPVCTPSGEAGSARQRPVLRSCSIDTSPGASSLASPASQYKDLGRSESLRVVCRPHRIFRPSDL,232,319,622
JACJA18021_254_342,P53667_251_339,89,QLTLEHDPHDLLGPGPASDPSPLSSPIHTPGGQPGTSARQKPVLRSSSIDASPGAGSLASPASQRKDLGRSESLRVVCRPHRIFRPSDL,254,342,645
ANAPL14080_192_241,P53667_251_339,50,PHTPQRSCSTDKSPGSSSVGSPASQRKDIGRSESLRVVSRAHRIFRPSDL,192,241,530
NOMLE40138_224_282,P53667_251_339,59,PVPWWHWAPCMPPRRSCSIERSPGAGSLGSPASQRKDLGRSESLRVVCRPHRIFRPSDL,224,282,591
HETGA14226_232_319,P53667_251_339,88,QLTIEHNPHDSLGQGPLPTHSPLGSPACTPTGEASSSRQRPVLRSCSIDTSPGASSLASPASQHKDLGRSESLRVVCRPHRIFRPSDL,232,319,622
NOTEU10160_232_320,P53667_251_339,89,QLTIEHDPHDVLAHGTAPEASPLGSPARTPNTEAGGPVRQRPVLRSCSIDKSPCGSSLGSPASQRKDLGRSESLRVVSRTHRIFRPSDL,232,320,628
VARKO25052_253_326,P53667_251_339,74,QLTIEHDPQGPPGSSPPPPCGGRLSSAARRSCSIDKSPCSSSLCSPASQRKDIGRSESLRVVSRPHRIFRPSDL,253,326,631
PODMU11027_248_339,P53667_251_339,92,QLTIEHDPHDMLEGGGGSPLSELRSPLRSPSRTPCPEPSAIRQRSVMRSCSIDKSPCSSSLGSPASQRKDIGRSESLRVVSRLHRIFRPSDL,248,339,644
SPHPU20827_247_343,P53667_251_339,97,QLTIEHDPHVALASEMPQERSPLSELRSPLRSPAHTPCTEPSATMRQRTTVMRSCSIDKSPCSSSLGSPASQRKDIGRSESLRVVSHTHRIFRPSDL,247,343,598
CHRPI23758_217_311,P53667_251_339,95,QLTIEHDPHDVVARESALESSPLADLHSPQRSPACTPGGEASAVSQRTVMRSCSIDKSPCSSSLGSPASQRKDISRSESLRVVSRTHRIFRPSDL,217,311,619
SALMN29052_258_346,P53667_251_339,89,QLTIEHDPHEMMDSSPLSELRSPLRSPSRTPCPEPAAIRQRSVIRSCSIDKSPCSSSLGSPASQRKDISRSESLRVVPRPHRIFRPSDL,258,346,651
TACAU19251_252_347,P53667_251_339,96,QLTIEHDPHDALVRGPGPPASPLADLHSPPARTPGPADLGPPCQRPVLRSCSIDKSPGSASPGSSGSQGSQPNNLGRSGSLRAVSRAHRIFRPSDL,252,347,655
STRHB06461_247_341,P53667_251_339,95,QLTIEHDPHEPLAHEPGLACSPLPAPCSPLCSLVPPPCGEPDAMRQRTVTRSCSTDKSPGSGSVCSPASQHKDIGRSESLRVVSRTHRIFRPSDL,247,341,646
ANOCA10855_229_317,P53667_251_339,89,QLTIEHDPHEVLESSPLSELRSPLRSPSRTPCPDPAAIRQRTIMRSCSIDKSPCSSTLGSPASQRKDIGRSESLRVVSRHHRIFRPSDL,229,317,622
GAMAF07375_279_348,P53667_251_339,70,QLTIEHDPHAQEGGSLSSSLVSLRRSCSIDKSPGSSNAASPVSHRKDINRSESLRVVSNQTHRIFRPSDL,279,348,661
XENLA07031_240_314,P53667_251_339,75,QLTIEHDPHETPTMPSPCAEIAVRRQRPVMRSCSIDRSPGSSCVGSPSCSRRDMSRSESVRTVTGVHRIFRPSDL,240,314,615
MOLML07327_231_303,P53667_251_339,73,QLTIEHDPHSQGVGSSEAEEQADGPLTTSYSIDKSPGSSNAASPISQRKDINRSESLRVVSSRTHRIFRPSDL,231,303,617
CYNSE22838_247_314,P53667_251_339,68,QLTIEHDPHSHGLEGEANQPFMRSYSTEKSPDTSNAASPISQRKDINRSESLRVVSNRTHRIFRPSDL,247,314,627
BUFBU12779_240_314,P53667_251_339,75,QLTIEHDPHENTTLPTPCTEPGIRRQRPVTRSCSIDRSPGSSCVGSPSCSRRDMCRSESVRGVTGSHRIFRSSDL,240,314,615
CHIPU08198_252_341,P53667_251_339,90,QLTIEHDPHDTLLEDQAETSSPMSDIYSPRKLSAPNGEGSAVKKRPIMRSCSIDKSPSTGSPASQKKDLGRSESLRIASKMHRIFRPSDL,252,341,650
LEPOC08837_250_345,P53667_251_339,96,QLTIEHDPHDPGTGEEVDGPSPLSDVGSPVKPVLHPPHSDVAGMRSRMITRSCSIDKSPCSSTAASPLSQRKDIGRSESLRVVSNRTHRIFRPSDL,250,345,660
SALFA47200_244_344,P53667_251_339,101,QLTIEHDPHSQAGGGGSTEVDGPLSSPLSEGPSPTLPITQPPNADLSNLRSRIITRSCSIDKSPGSSNAASPISQRKDINRSESLRVVSNRTHRIFRPSDL,244,344,658
LATCH19817_217_311,P53667_251_339,95,QLTLEHDPDEQISQEALSSAGSLSNLCSPLRTPVRTPSGDVSAVRQRSIMRSCSIDKSPSSSTAGSPGFNRKDIGRSESLRVVSKSHRIFRPSDL,217,311,613
ECHNA07615_257_361,P53667_251_339,105,QLTIEHDPHRQGPEGSSSEAEEQVDGTLSTPLSEGPSPILPITQPPNTDISHLRSRIITRSYSIDKSPGSSNAPSPISQRKDINRSESLRVVSNRTHRIFRPSDL,257,361,675
ANGAN41154_248_338,P53667_251_339,91,QLTIEHDPHDPAVSGDQVDGPSPPQPIIRSPHPDITCLRSRAITRSCSIDKSPGSSAAASPLSQRKDIGRSESLRVVSSDRTHRIFRPSDL,248,338,650
SCOMX22504_256_360,P53667_251_339,105,QLTIEHDPHSQGQEGGPSEAEEQVDSPLSTPLPQGPSPILPITQPPNPDISNLRSRIITRSCSIDKSPGSSNAASPISQRKDMNRSESLRVVSNRMHRIFRPSDL,256,360,674
SALTR99748_248_348,P53667_251_339,101,QLTIEHDPHDQGGLEGETVGGPLTTPLSDGPSPILPITQPPHPDINNLRSRMITRSYSIDKSPCSSNAASPLSQRKDFNRSESLRVVSNSRMHRIFRPSDL,248,348,664
PYGNA05075_206_302,P53667_251_339,97,QLTIEHDPHDQGGSGDQVDGPSPLSRGPSPVTPITQPPNQDVNNLRSRVITRSYSIDKSPCSSNTASPLSLRKDIGRSESLRVVTNRTHRIFRPSDL,206,302,612
ANATE19107_258_333,P53667_251_339,76,QLTIEHDPHTSNNQILYTSVFPLPYLPLSRRSYSIDKSPGSSNTASPISQRKDINRSESLRVVSNRTHRIFRPSDL,258,333,647
SCYTO02920_238_332,P53667_251_339,95,QLTIEHDPHDALLEDALLEDQVETISPMSDIYSPQRSTAPNGEGSTVKKRPIKRSCSSDKSPSTGSPASQKRDLGRSESLRIASKMHRIFRPSDL,238,332,636
ASTMX16203_256_352,P53667_251_339,97,QLTIEHDPHDQGGSVDHVDGPTPLSEGPSPTTPITQPPHQDVNNLRTRMITRSYSIDKSPCSSNAASPLSLRKDIGRSESLRVVTNRTHRIFRPSDL,256,352,662
ORYJA08468_267_352,P53667_251_339,86,QLTLEHDPHTQRQDAGSAEANEQMNGALSSPPSEDPSPTLRSYSIDKSPGSSNAASPISQRKEINRSESLRVVSSRTHRIFRPSDL,267,352,666
LOXAF07694_231_318,P53667_251_339,88,QLTLEHDPHDTPGHGPGPEPSPLDSPTHTPSGEAGSVARQKPILRQVVRKTGTSDVVGAGSEAGANGRALQDRDVVCKDHLGRREGQR,231,318,627
POEFO20323_256_358,P53667_251_339,103,QLTIEHDPHAQEGGSSEAEDQVDGCLSTPVSDGPSPTLPITQAPNPDISNLKSRIITRSCSIDKSPGSSNAASPVSHRKDINRSESLRVVSNRTHRIFRPSDL,256,358,672
ICTPU15143_230_330,P53667_251_339,101,QLTIEHDPLDSDNPSSSFEDQVDGPSPLPERHSPVPPITQPPNHDINNLRSRMITRSYSIDKSPCSSNSVSPMSLRKDIGRSESLRVVTNRTHRIFRPSDL,230,330,640
KRYMA22500_254_339,P53667_251_339,86,QLTIEHDPHAREKGGGSLGADDQPDGALFTPASEGLSPTLRSYSIDKSPGSSTAASPISQRKDINRSESLRVVSSRTHRIFRPSDL,254,339,652
HIPCM08529_241_323,P53667_251_339,83,QLTIEHDPHSRVQEGSSSEQVDGPLSPPLPALPSPILRSYSIDKSPGSSKAASPVSPKKDINRSESLRVVSNRTHRIFRPSDL,241,323,637
CALMI20512_239_328,P53667_251_339,90,QLTIEHDPHEALLEDSSSPQKPSTPSGDNGKHRPAPVMCSGFARRRSSSVDKSPSSSAASSPASQKRNLGRSESLRIASRMHRIFRPSDL,239,328,641
SINGR96813_235_338,P53667_251_339,104,QLTIEHDPHDHSPSEDQVDGPTPPSEGPSPITPITRPPSQDINTLRSRIITSCVCLRRRSYSIDKSPCSSNTPSPLSLRKDIGRSESLRVVSSSTHRIFRASDL,235,338,650
DANRE09706_250_343,P53667_251_339,94,QLTIEHDPHDQGPSVDHVDGGPSPSGGPSPITRPPSQDISNLRSRIITRSYSIDKSPSSSSAPSPLSLRKDIGRSESLRGVSNRTHRIFRASDL,250,343,648
ESOLU02153_276_361,P53667_251_339,86,QLTIEHDPQDQGGSDGETMDRPLTTPLSDCPGPILPITQRSYSIDKSPCSSNAASPLSQRKDINRSESLRVVSNSRMHRIFRPSDL,276,361,665
ORYLA03455_202_286,P53667_251_339,85,QLTLEHDPHTQRQDGGSSEANEQTNGPLHPTAFTSFSFRRSYSIDKSPGSSNAASPIAQRKEINRSESLRVVSSRTHRIFRPSDL,202,286,600
GASAC19614_256_356,P53667_251_339,101,QLTIEHDPHSLEGGPSEAGEPVDGPLSPPLSGGLVLPITQPPNPDINNLRSRIITRSYSIDKSPGSSNAASPISQRKDINRSESLRVVSNQTHRIFRPSDL,256,356,670
NOTFU10597_178_282,P53667_251_339,105,QLTIEHDPHAQRKERSSSEAEDQVDGTLSTPMSGGPSPILPITQPPNHDISNLKSRIITRSYSIDKSPGSSNAASPISQRKEINRSESLRVMSNRTHRIFRPSDL,178,282,597
GADMO18709_254_349,P53667_251_339,96,QLTLERDPHSPGQGPCSPPDEDWAPGPGPMLPVTEAPRPDVSQLRSRVITRSLSTDKSPGPSQNDSPSPQRKDFNRSESLRLVSSRMHRIFRPSDL,254,349,664
CHLSB15721_142_178,P56470_152_183,37,PSHNRFLFLCPQGPPMMPPYPGPGHCHQQLNSLPTME,142,178,318
MACNE26096_142_173,P56470_152_183,32,GSLPPPQGPPMMPPYPGPGHCHQQLNSLPTME,142,173,313
CEBIM29397_83_115,P56470_152_183,33,GQPPPSPQGPQMMPAYPGPGHFHQQLNSLPSME,83,115,255
OTOGA01605_152_183,P56470_152_183,32,GQPPPNQRPMHNPPFPGPGHCHQQLNSLPTME,152,183,323
AOTNA28583_152_184,P56470_152_183,33,GQPPPPPQGPQTIPAHPGPGHFHQQLNSLPSME,152,184,323
CARSF16557_152_181,P56470_152_183,30,GQSPTPQRPMTIPAYPGPGYQQLNSLPIME,152,181,321
PROCO13153_152_183,P56470_152_183,32,GQPAPHQGPRHHPPFPGPGHGHQPLKSLPSME,152,183,323
MYOLU10186_152_182,P56470_152_183,31,GQPAPSQTPMVIPAYPGSGCKPPLNSLPTME,152,182,322
ECHTE10450_151_182,P56470_152_183,32,GQPALQQAPMVIPAYPGPGQDQPPLNSLPTME,151,182,322
PTEVA01535_152_184,P56470_152_183,33,GQPPPSQTPMAIPAYPGPGHSCHAPPSNLPTME,152,184,260
HORSE01324_152_183,P56470_152_183,32,GQPSHPQPPRGFPPHPGHGHSYPQQGSLPTME,152,183,323
CERSS30377_152_184,P56470_152_183,33,GQPPPHQQPRGFPPHPGPPGHGHHHQNVLPTME,152,184,324
AILME05939_152_187,P56470_152_183,36,GNPPPGQGPSSGSPSLPAFLGHGHTHQQPSQLPTME,152,187,327
FUKDA20888_152_185,P56470_152_183,34,GQPAPSQRPMGVPPYPAPGYGPPQMQMNSLPVMT,152,185,325
JACJA22501_152_183,P56470_152_183,32,GQPVPHQGPMTIPAYSGPGYYPPQMNSLPMMV,152,183,322
NANGA12059_152_183,P56470_152_183,32,GQPPAYPGPMNAPSYPRPGYNPQQMNSLPIMG,152,183,322
ICTTR03055_152_183,P56470_152_183,32,GQFTPNQGPMGLPPLHGPGPNHHHLGSLPTMM,152,183,323
SHEEP05363_152_192,P56470_152_183,41,GQPPSNQLPPSLLCPQMPMPAQAYPNPGQYYQQQSRLPTME,152,192,332
ERIEU05673_152_183,P56470_152_183,32,GQPPKLQVPMAIPAYPGPGPTQQPPSNLPTME,152,183,323
FELCA34756_152_183,P56470_152_183,32,GNPPPSQTPMGTPANPGPGHTQQLPSNLPTME,152,183,323
RHIFE01670_172_204,P56470_152_183,33,GRPAPNQTPMVIPAYPGPGGSCQLPPSNLPTME,172,204,344
OCHPR05555_152_183,P56470_152_183,32,GQPTPHQRPAMNPHHGGHGHGAPPPHSLPIME,152,183,323
CRIGR11929_150_183,P56470_152_183,34,GQSAPAPYPGPMGFQTQPGPGYNPPQMNSLPVMA,150,183,322
RATNO17804_152_185,P56470_152_183,34,GQPAASQYPGTMTIPAYPSAGYNPPQMNSLPVMA,152,185,324
PIGXX27790_151_182,P56470_152_183,32,GQPAPSPGPMPNPGTQGPGKHNQQPCNLPCME,151,182,321
VOMUR25380_149_182,P56470_152_183,34,GGPPPPGQVPMTIPAHPGPGPVYRQSPYELPTME,149,182,322
MONDO21403_152_182,P56470_152_183,31,GGPAPGQMPMPIPAYPGPGVTHSKPPLPSMD,152,182,322
MOUSE53481_152_187,P56470_152_183,36,GQPAAAPYPGAMTIPAYPAGSPGYNPPQMNTLPVMT,152,187,326
BUFBU31630_153_183,P56470_152_183,31,GGGGGPGMNPAFPPGGAMIGPGYPAMTLPAM,153,183,322
ESOLU03435_152_237,P56470_152_183,86,VRLGRRHVNCICDYLGPVPLNLGMDDMLARMPMNDGCYPGGPGGYPGGPGGYPGGPGGYPGGPGGYPGGPGGYPEGYPGGNLPTMV,152,237,377
XENTR36784_153_187,P56470_152_183,35,GGGGMPAAPMPAPSFPHPGGVMPLPVFPAGNLPVM,153,187,327
CAPHI08962_152_184,P56470_152_183,33,GQPPSNQVCGVSLSCLPTAGRFHGPSGNQDSLL,152,184,317
PODMU32192_151_191,P56470_152_183,41,GGAMMGGGGMPGMPGMPGQQYPPMGMPGMMPAYPSPNLPVM,151,191,330
LEPOC07772_147_222,P56470_152_183,76,VREGGRKRGARMQGYPGGMGGGMQGGMQGYQGGMQDYPCGGMGGMGGGMQGYPSGGMGGMGGGGMGYPGANLPMIS,147,222,362
XIPMA13288_152_211,P56470_152_183,60,GAGGSSSLPGGTGGGYPGCSVGGGYPGGHMGGGCPDDMGGGYPGSNMGGGFPGSHLPGMG,152,211,350
HIPCM04553_152_207,P56470_152_183,56,GGGMGGGMGHQQPGGYPGGAIGGRPGCGAGPQGGYPGGMGGNTGGGFPGSHLPSMS,152,207,347
ESOLU03441_103_148,P56470_152_183,46,GYPGGPGGYPGGPGGYPCGPGGYPGGPGGYPGGPGGYPDGNMPVVI,103,148,299
CAVAP12614_152_190,P56470_152_183,39,GQSAPTHVRRVPSFICFLPSFLPSLISSHFHLLLSNRLV,152,190,322
XENLA37334_153_188,P56470_152_183,36,GGGGGGMAAAPMAPMFPNQGGVMPLPVFPAGNLPVM,153,188,328
SCOMX21916_198_284,P56470_152_183,87,GGMGGGMGGGMGGGMGGGMGGGMEGGYPGGGMGGGYPGGMGGGMGGGMGGGMGPGGYPGGDMGGGYPGGMGGGMGGGYPGSNLPSMS,198,284,424
ORNAN24148_813_919,O75037_811_918,107,VLRRKTQEVTALRRLAKPMSDRVAGRAGLKPPMLDSGAEVSASTTSSDAEAGGRSVSSIVRQWNRKINHFLGDPGPSVNGIRPARKKPQKKGPGQSFSKAARLKWQS,813,919,1638
HALLE24837_802_908,O75037_811_918,107,VLRRKTQEVSALRRLAKPMSDRVAGRASQKPAMLDSGAEVSASTTSSEPESGARSVSSIVRQWNRKINNFLGDPPSSVNGARPARKKFPKKGASQTFSKAARLKWQS,802,908,1615
TURTR05359_732_839,O75037_811_918,108,VLRRKTQEVSALRRLAKPMSERVAGRVGPKSPVLDSGAEVSASTTSSEAESGARSVSTIVRQWDHKISHFLENHPMPTVSGARPARKKFQKKGAGQSFSKAARLKWQS,732,839,1561
SHEEP04049_834_941,O75037_811_918,108,AEEIEDPQVSALRRLAKPMSERVAGRVGPKSPMLDSGAEVSASTTSSEAESGARSVSSIVRQWDRKVNHFLGSHPAPTVPGARPARKKFQKKGPSQSFSKAARLKWQS,834,941,1674
SPHPU14375_576_683,O75037_811_918,108,VLRRKTQEVSALRRLAKPMSDRVSGRMSQKLSSLQDSGAEVSSNTTSSEAESGSRSVSSIVRQWNRKINNFLGDPSPSVNGTRPVRKKFQKKGANQTFSKAARLKWQS,576,683,1220
CROPO24559_717_823,O75037_811_918,107,VLRRKTQEVSALRRLAKPMSDRVAGRTGHKLAVLDSGVEVSASTTSSEPESGSRSVSSIVRQWNRKINNFLGDPSPSLNGARPVRKKFPKKGMSQTFNKAARLKWQS,717,823,1530
SALMN10586_811_917,O75037_811_918,107,VLRRKTQEVSALRRLTKPMSDRVAGRLNQKQAALDSGAEVSTSTTSSEPESGSRSVSSIVRQWNRKINTFLGDSPSPTNGTRTVRKKFPKKGTNQTFSKTARLKWQS,811,917,1624
PODMU06090_797_903,O75037_811_918,107,VLRRKTQEVSALRRLAKPMSDRVAGRMNQKQTMLDSGVEVSTSTTSSEPESSSRSVSSIVRQWNRKINTFLGDPPSSTNGTRTVRKKFAKKGANQTFSKTARMKWQS,797,903,1609
LATCH18770_815_914,O75037_811_918,100,ILRRKTQEVSALRRLAKPMSDQVAGKLIRKQPLLDSGAELSASTTSSEPESGNRSVSSIVKQWNSVPSPMVNGTRPTRKKFQRKGLMESFTKTARLKWQS,815,914,1629
ANAPL09062_860_963,O75037_811_918,104,VLRRKTQEVSALRRLAKPMSDRVAGRTSQKPPMLDSGAEVSASTTSSEPESGARSVSSIVRQWNRKINNFLGDPSPAANGARPPRSGRRGMSCVGRIREGWWRS,860,963,1697
LEPOC11577_813_918,O75037_811_918,106,VLRRKTQEVTALRRLAKPMSERVAGRVPRRLQPLDSGAELSASTTSSEPESARSVSSIVRQWNNKINGFLGESEPAVNGARTPRKKFQRKGVAGSFSKTARQKWQA,813,918,1641
PSETE20241_559_666,O75037_811_918,108,VLRRKTQEVSALRRLAKPMTDRVAGRINQKQTMGEPGAEVSTSTITSLEPESGSRSVSSIVRQWNRKTNALLGDSPSSSNGTRTIRKRFPKKGANQTFNKTARLKWQS,559,666,1318
PYGNA02094_837_946,O75037_811_918,110,VLRRKTQEVTALRRLAKPMSERVAGRVSRRQPSLDSGAELSASTTTTSSEPESSRSVSSIVRQWNSKLNGYLGESEGSGGGNRLASSRKKFQRKGVSSSFSKTARQKWQA,837,946,1650
CALMI17092_779_886,O75037_811_918,108,VLRRKTQEVSALRRLAKPMSDRVAGRITRKQTFLDSGAELSASTTSSDPESASRSVSNIVKQWNRKFNAAWNETVSVVNGTRAARKIKTQRKGAGENFSRAARLKWQA,779,886,1526
SCYTO00873_808_915,O75037_811_918,108,VLRRKTQEVSALRRLAKPMSNRVAGRVSRKQNVLDSGMELSASTTSSEPESASKSVSNIVKQWNRKLNAAWNETVSAVNGTRAARKIKYQKKGVGEGFSKTARLKWQA,808,915,1625
DASNO12605_849_959,O75037_811_918,111,VLRRKTQEVSALRRLAKPMSERVAGRAGPKPPMLDSGAEVSASGRARGTEAPGKCGCMMGTHSCHLGGSVELQRLTVVPPNPLCLCLPRKKFQKKGASQSFSKAARLKWQS,849,959,1663
MICMU06533_489_555,O75037_811_918,67,VLRRKTQEESGPHPLSFILLKHLPKFNSFSVVPPVPAATGSRPARKKFQKKGAGQSFSKAARLKWQS,489,555,1082
PELSI15973_813_919,O75037_811_918,107,VLRRKTQEVSALRRLAKPMSDRVAGRASQKPALLDSGGGGPPGTTSSDPESGSRSVSSIVRQWNRKIDNFQGDPSPSMNGARPVRSPPESLTTPHAGTRGSRLKWQS,813,919,1649
ECHNA05271_838_962,O75037_811_918,125,VLRRKTQEVTALRRLAKPMSDRVAGRVARWNQTPSAPDSGAELSASTTASCSEPETARTVSGLVRQWNNKNNAMGYLGENEGSMDGTRVIGSRKKLQRKPAGLGSVGAAGRPSSFSKSARQKWQT,838,962,1664
KRYMA23471_839_962,O75037_811_918,124,VLRRKTQEVTALRRLAKPMSDRVAGRVARWNQAPAVTDSGADLSASTTASSSEAEGARTVSGLVRQWNNKNSAYGYSGESDANVDGTRVIGRRKLQRKPAGLGIPAAPGRATSFSKSARQKWQA,839,962,1677
POERE27288_839_962,O75037_811_918,124,VLRRKTQEVTALRRMAKPMSDRVAGRVARWNQTPPVTDSGADLSASTMASGSEAETARTVSGLVRQWNNKNNVYGYMAESEGSMDGTRVISRKKLQKKPAGLGSTAPAGRANSFSKSARLKWQT,839,962,1694
ORENI57601_841_965,O75037_811_918,125,VLRRKTQEVTALRRLAKPMSDRVAGRVARWNQTPPVTDSGAELSASTTASSSEPETARTVSGLVRQWNNKNSVYGYLGESEGSMDGTRVIGSRKKLQRKPAGLGNSGAAGRASSISKSARQKWQA,841,965,1700
SALSA101853_844_956,O75037_811_918,113,VLRRKSQEVTALRRLAKPMSGRMARRLQPLDSGAELSASTTSSEPESNRTTSTKVSNIVRQWNTKMNGYLGESEGTTTNGTQVVGSRTRVQQRKGVLVGSSSFSKAARQKWQT,844,956,1681
SINGR52172_762_869,O75037_811_918,108,VLRRKTQEVTALRRLAKPMSERVAGRVARRLTRLDSLAELSTATTTTSSELESTRSVSKIIRHWNTKLNGYLGENESHGTGGNLARKKFQRKSTSTSFSKTARQKWQS,762,869,1592
SINGR72500_641_748,O75037_811_918,108,VLRRKTQEVTALRRLAKPMSERVAGRVARRLTSVDSRAELSTSTTTTTSEHESTRSVSSIIRQWNTKLNGFLGENESRGTGGNLARKKSQRKSTSTRFSKTARQKWQS,641,748,1475
GASAC04100_803_915,O75037_811_918,113,VLRRKTQEVSALRRLAKPMSDRVAGRVARWNQATAVPDSGAELSAGTTASSSEPESGRSVSGLVRQWNNKNNVFGYLAESEGSMDGTRVIRKKLQRKPAATSFSKSARQKWQA,803,915,1646
NOTFU17054_839_962,O75037_811_918,124,VLRRKTQEVTALRRLTKPMSDRVAGRVARWNQTPPVTDSGADLSASTTASSSEAEGVRSVSGLVRQWNNKSSAYGYLGESDGSMDGTRVISSRRKLQRKPAGLGGPAAAGRPTSFSKSRQKWQT,839,962,1677
DANRE02995_839_949,O75037_811_918,111,VLRRKTQEVTALRRLAKPLSERAAGRVSRRLTSVDSGAELSTSTTTTTSSEPESSRSVSSIIRHWNTKLNGYLGETDSHAPAANMASSRKKFQRKGPSSGFSKTARQKWQS,839,949,1624
SALTR35912_808_908,O75037_811_918,101,VLRRKSQEVTALRRLAKPLSGRMARRLQPLDSGAELSPSTTSSEPETTPTNVSNIVRQWNTKMNGNLGQSEGVTTNRTRQGKGVLRGSSSFTKAARQKWQT,808,908,1694
ANGAN46264_890_1003,O75037_811_918,114,VLRRRTQEVTALRRMARPMSERVAGRATRRGAAPLDSGAELSGSTASSEPDAARSVSSIVRQWNTKINGYHGDGESPVSVNGVRNPGRRKVLRKGVGAGLGAGHSRSARQKWQA,890,1003,1732
SCOMX27851_836_958,O75037_811_918,123,VLRRKTQEVTALRRLAKPMSERVAGRVARWNKASLGTDSGAELSASTTASSSEPDTGRTVSGLVRQWNNKNNAFGYLGESEGSIDGTRVIGRKKMQRKPAGPGSVGTTARASFSKSARQKWQA,836,958,1663
ORYJA02461_840_963,O75037_811_918,124,VLRRKTQEVTALRRLAKPMSDRVAGRVARWNQAPSVTDSGADLSASTTASSSEPESGRTVSGLVRQWNNKNNAYGYLGESEGSMDGTRIIGSRKKLQHKPAGLGSTAAASRPSFSKSARQKWQT,840,963,1695
ESOLU50310_854_965,O75037_811_918,112,VLRRKSQEVTALRRLAKPLSGRMARRLQPLDSGAELSASTTSSEPESNRTTPTNVSNIVRQWNSKINGYMGESDGATPNGTRVVSRKRVQPNKGVQGGSTSFAKAARQKWQT,854,965,1691
TAKRU20361_837_961,O75037_811_918,125,VLRRKTQEVTALRRLAKPMSDRVAGRVARWNHSPSVTDSGADLSASTAASSSEAETGRSVSGLVRQWNNRNNVMGYMGESEGSMDGTKVIGNRKKLPRKPGGLGNSGVANRTSSFSKSARQKWQT,837,961,1679
HIPCM02739_770_868,O75037_811_918,99,VLRRKTQEVTALRRLAKPMSDRVAGRVARWNQTAPISDSGAELSASTTASSSEPESGKTVSGLVRQWNNKNNGYGYLGESEGTGRAATFSKSARQKWQT,770,868,1572
XENTR07632_820_918,O75037_811_918,99,VLRRKTQEVSALRRLSRRQTDRSGGRSHSVADSGAELSTSTASSEPDSSLRSVSSIVRHWNRKTSGDVGPVPNGSRTPRRKGVRPGLPLSKAAHMKWQT,820,918,1625
MOLML15850_793_895,O75037_811_918,103,VLRRKTQEVTALRRLAKPMSDRVAGRVARWNQVPSVTDSGAELSASTTASSSEPETGRSVSGLVRQWNNKNNVFGYMGESLGGTGAVNRPSSFSKSARQKWQS,793,895,1604
CYNSE03375_549_660,O75037_811_918,112,VLRRKTQEVTALRRLAKPMSDRVAGRVARWNQIAQSTDSGAELSASTTASSSEPDSSRTVSGLVKHWNSKNMSGYLGESEGGVDGTRANGKNLQRKPVVNSFSKSARQKWQS,549,660,1375
SPAAU40742_778_882,O75037_811_918,105,VLRRKTQEVTALRRLAKPMSDRVAGRVARWNQATSVTDSGAELSASTTASSSEPETARTVSGLVRQWNNKNNVFGYMGESEGSIDGTRVIRVGGFSKSARQKWQA,778,882,1622
ANATE03177_745_869,O75037_811_918,125,VLRRKTQEVTALRRLTKPMSDRVAGRVARWNQPPSLTDSGAELSASTTASNSEPETGRTVSGLVKQWNNKNSVFGYLAESEGSMDGTRVIGTRKKLQRKPAGLGSTAAAGRATNVSKSARQKWQT,745,869,1556
GADMO26076_781_884,O75037_811_918,104,VLRRKTQEVTALRRLAKPMSERVAGRVSRWGQPLLPPPPPPPPDSGAELSASTTASSSEPESGRTVIGMVRQWNSKLHTHGYQAESEGSLEGGRTKTARQKWQT,781,884,1485
POEFO11130_839_945,O75037_811_918,107,VLRRKTQEVTALRRMAKPMSDRVAGRVARWNQTPPVTDSGADLSASTMASGSEAETARTVIPLDLMPLKTMHNSRKKLQRKPAGLGSTAPAGRANSFSKSARLKWQT,839,945,1690
BUFBU13374_795_892,O75037_811_918,98,VLRRKTQEVSALKRLSRPAPDRSVSQMSSLPDSGAELSSTASSEQDCSSRSVSSIVRQWNRKTTKETGPLANGSLAVRRTPPRTRLPLSKAAHIKWQT,795,892,1602
SERCA19147_789_867,O75037_811_918,79,VLRRKTQEVRKVGFLHIVPSFQGGLGPSTWLGEIPSFRQGCMAWPSAQMPLLPSGCRKKFPKKGTSQTFSKAARLKWQS,789,867,1446
PEDHC09749_801_847,O75037_811_918,47,VLKRKNEEVSALRSRARGIMSTKAAGRVLKMNNKTFSSKEAKNKWTV,801,847,1536
SOLIN05286_728_770,O75037_811_918,43,VLRRKQEEVTALRKRDKGLSQKVAGRAPVKPLNLKALKQRWQT,728,770,1452
STRMM09340_805_858,O75037_811_918,54,MLRRKKEEVFALKKLARPMSDKVAGRVIQPKFSRNLPFVKKPFSPKLAKHKWQT,805,858,2119
TIGCA01930_723_762,O75037_811_918,40,VLKRKTEEVSALRRSQRRISMGGKRRDKLNEKSVKSKWQT,723,762,1532
STEMI07436_688_732,O75037_811_918,45,ILKRKTEEILSLRKKAVPKYVSPKTAGRWKQSHFSLKSAKQKWQN,688,732,1385
DANPL11362_670_712,O75037_811_918,43,VLKRKQEEVSLLRRGHRDKLSVRAAGRLHDRGRSRRPRELWSR,670,712,1367
